cpf,first_name,last_name
36477007308,Partner,Duff
66107074192,Youson,Derks
50200249032,McGauhy,Fynan
94306185389,Curnick,Woffinden
80653137829,Veschambes,Tiller
72766262504,Holdworth,Hamberston
32502862304,Mansion,Beeble
72798308532,Melladew,Itzchaki
17020372371,Lafoy,Pietrzyk
93503718041,Jillard,Kassman
23161316225,Colleck,Duiguid
27482202133,Donizeau,Coviello
47908400037,Burley,McCorkindale
90586266710,Pickles,Perillo
81046930909,Gotthard,Chaloner
22120525238,Taillant,Napolione
30953706732,Gamble,Bulfield
23033977547,Lewsie,Riggulsford
57083170334,Thombleson,Decroix
23486564981,Keene,Buckston
54310442422,Sooley,Giaomozzo
35001599595,Dominicacci,Bolzen
97818467106,Ziemen,Dulson
53067873503,MacAvddy,Eronie
46736819904,Rizzardo,Belderson
98874058672,Cornelleau,Nashe
14904880866,Checcuzzi,Brackstone
12895483745,Siehard,Joscelyn
86757502266,Chastagnier,Still
40699542861,Povall,Balaison
