first_name,last_name,about
Alastair,Damian,"Cum sociis natoque penatibus et magnis dis parturient montes, nascetur ridiculus mus."
Marty,Arda,"In est risus, auctor sed, tristique in, tempus sit amet, sem. Fusce consequat. Nulla nisl."
Emlen,Kristen,"Praesent id massa id nisl venenatis lacinia. Aenean sit amet justo. Morbi ut odio. Cras mi pede, malesuada in, imperdiet et, commodo vulputate, justo."
Nichol,Jamima,"Nulla suscipit ligula in lacus. Curabitur at ipsum ac tellus semper interdum. Mauris ullamcorper purus sit amet nulla. Quisque arcu libero, rutrum ac, lobortis vel, dapibus at, diam."
Krysta,Rosalyn,"Cras mi pede, malesuada in, imperdiet et, commodo vulputate, justo. In blandit ultrices enim. Lorem ipsum dolor sit amet, consectetuer adipiscing elit. Proin interdum mauris non ligula pellentesque ultrices."
Patti,Eal,"Morbi ut odio. Cras mi pede, malesuada in, imperdiet et, commodo vulputate, justo."
Hali,Gordon,Aliquam erat volutpat.
Doria,Dene,"Praesent blandit. Nam nulla. Integer pede justo, lacinia eget, tincidunt eget, tempus vel, pede."
Wendel,Grange,Phasellus in felis. Donec semper sapien a libero. Nam dui.
Deonne,Joycelin,"Nullam orci pede, venenatis non, sodales sed, tincidunt eu, felis."
Alanna,Car,Aliquam non mauris.
Brigg,Maude,Nulla facilisi. Cras non velit nec nisi vulputate nonummy. Maecenas tincidunt lacus at velit.
Jarid,Alden,Nulla facilisi. Cras non velit nec nisi vulputate nonummy. Maecenas tincidunt lacus at velit. Vivamus vel nulla eget eros elementum pellentesque.
Derward,Loralie,"Vestibulum ante ipsum primis in faucibus orci luctus et ultrices posuere cubilia Curae; Donec pharetra, magna vestibulum aliquet ultrices, erat tortor sollicitudin mi, sit amet lobortis sapien sapien non mi. Integer ac neque."
Adamo,Dallis,"Curabitur gravida nisi at nibh. In hac habitasse platea dictumst. Aliquam augue quam, sollicitudin vitae, consectetuer eget, rutrum at, lorem. Integer tincidunt ante vel ipsum. Praesent blandit lacinia erat."
Symon,Darin,Fusce posuere felis sed lacus.
Delmor,Cynde,"Cras mi pede, malesuada in, imperdiet et, commodo vulputate, justo."
Toby,Addy,"Vivamus vel nulla eget eros elementum pellentesque. Quisque porta volutpat erat. Quisque erat eros, viverra eget, congue eget, semper rutrum, nulla."
Lu,Elianora,Maecenas pulvinar lobortis est.
Bord,Leticia,Phasellus id sapien in sapien iaculis congue.
Lorna,Gunner,"Morbi vel lectus in quam fringilla rhoncus. Mauris enim leo, rhoncus sed, vestibulum sit amet, cursus id, turpis. Integer aliquet, massa id lobortis convallis, tortor risus dapibus augue, vel accumsan tellus nisi eu orci. Mauris lacinia sapien quis libero."
Bill,Sharia,Aliquam quis turpis eget elit sodales scelerisque. Mauris sit amet eros. Suspendisse accumsan tortor quis turpis. Sed ante.
Ashley,Si,Ut tellus. Nulla ut erat id mauris vulputate elementum. Nullam varius.
Ileane,Virgilio,"Praesent id massa id nisl venenatis lacinia. Aenean sit amet justo. Morbi ut odio. Cras mi pede, malesuada in, imperdiet et, commodo vulputate, justo."
Lia,Ara,"Vestibulum quam sapien, varius ut, blandit non, interdum in, ante. Vestibulum ante ipsum primis in faucibus orci luctus et ultrices posuere cubilia Curae; Duis faucibus accumsan odio."
Jordana,Mollie,Morbi non lectus. Aliquam sit amet diam in magna bibendum imperdiet.
Rosetta,Zebadiah,"In blandit ultrices enim. Lorem ipsum dolor sit amet, consectetuer adipiscing elit. Proin interdum mauris non ligula pellentesque ultrices."
Fletch,Alfons,"Quisque erat eros, viverra eget, congue eget, semper rutrum, nulla. Nunc purus. Phasellus in felis."
Sammy,Orson,Nulla ac enim.
Bevin,Yasmeen,"Morbi quis tortor id nulla ultrices aliquet. Maecenas leo odio, condimentum id, luctus nec, molestie sed, justo. Pellentesque viverra pede ac diam. Cras pellentesque volutpat dui."
